epoch,train_loss,val_loss,val_top1,val_macro_f1,lr,time_sec
1,1.6581583946216396,1.2753961575232176,0.5698371893744645,0.23258334962449012,0.0001,46.22363638877869
2,0.9849667494616857,0.7979863340838982,0.7192230791202514,0.5929212275360184,9.797464868072488e-05,43.1029486656189
3,0.7118904437960648,0.6422719455929832,0.7746358183376179,0.6869975925272335,9.206267664155907e-05,43.99693822860718
4,0.5800927103292651,0.5832555111868999,0.8029134532990574,0.7329433857330147,8.274303669726426e-05,44.16774821281433
5,0.5058121483136968,0.4994499793702349,0.8289060268494716,0.7644525906571477,7.077075065009433e-05,43.69009971618652
6,0.46988881315763403,0.4631280693215188,0.8443301913738932,0.7884007143543168,5.7115741913664264e-05,43.617860078811646
7,0.4224197837274249,0.458645498265678,0.8457583547557841,0.7893063267996063,4.288425808633575e-05,43.94003653526306
8,0.3946937705140288,0.4320526702238539,0.8597543558983147,0.8097101554081618,2.9229249349905684e-05,43.95273017883301
9,0.38603272543447775,0.42827916443262803,0.8574692944872894,0.8070368448912484,1.725696330273575e-05,43.8026237487793
10,0.38200204474170035,0.42193322760893326,0.8611825192802056,0.8125931920457025,7.937323358440935e-06,43.94691824913025
11,0.3773933739015242,0.42250310058629165,0.8597543558983147,0.8097791950389142,2.0253513192751373e-06,44.19288635253906
12,0.37337196209445234,0.413076699112048,0.8614681519565839,0.8132449339414073,0.0,44.09600830078125
